[{"Title":"Python Software Developer","Company":"Dev Technosys","Experience":"1-3 Yrs","Salary":"Not disclosed","Location":"Jaipur","Job_Post_History":"1 Day Ago"},{"Title":"Jr Software Developer (Python Django)","Company":"AdvaRisk","Experience":"2-5 Yrs","Salary":"Not disclosed","Location":"Pune","Job_Post_History":"2 Days Ago"},{"Title":"Azure Data Engineer (ADB +ADF + pyspark\/Python)","Company":"Orcapod Consulting Services Private Limited  ","Experience":"4-9 Yrs","Salary":"4,50,000 - 9,50,000 PA.","Location":"Kolkata, Hyderabad\/Secunderabad, Chennai, Bangalore\/Bengaluru, Delhi \/ NCR, Mumbai (All Areas)","Job_Post_History":"1 Day Ago"},{"Title":"Azure Data Engineer (ADB +ADF + pyspark\/Python)","Company":"Orcapod Consulting Services Private Limited  ","Experience":"4-9 Yrs","Salary":"4,50,000 - 9,50,000 PA.","Location":"Kolkata, Hyderabad\/Secunderabad, Chennai, Bangalore\/Bengaluru, Delhi \/ NCR, Mumbai (All Areas)","Job_Post_History":"1 Day Ago"},{"Title":"Data Engineer - Python\/Snowflake DB","Company":"Hashtag Global Solutions","Experience":"4-9 Yrs","Salary":"Not disclosed","Location":"Chennai, Bangalore\/Bengaluru","Job_Post_History":"2 Days Ago"},{"Title":"Data Scientist - Python\/ MATLAB\/ Machine Learning Algorithms","Company":"Wrackle Technologies Pvt Ltd","Experience":"3-8 Yrs","Salary":"Not disclosed","Location":"Bangalore\/Bengaluru","Job_Post_History":"7 Days Ago"},{"Title":"Full Stack , Angular,Python","Company":"Diverse Lynx","Experience":"3-8 Yrs","Salary":"Not disclosed","Location":"Bangalore\/Bengaluru","Job_Post_History":"1 Day Ago"},{"Title":"Full Stack Engineer - Python\/Docker","Company":"AppTalent Business Solutions","Experience":"3-6 Yrs","Salary":"Not disclosed","Location":"Bangalore\/Bengaluru","Job_Post_History":"7 Days Ago"},{"Title":"Software Architect - Python\/Golang","Company":"Accubits Technologies","Experience":"10-15 Yrs","Salary":"Not disclosed","Location":"Mumbai, Pune, Chennai, Gurgaon\/Gurugram, Bangalore\/Bengaluru","Job_Post_History":"6 Days Ago"},{"Title":"Full Stack Developer - Java UI\/Python","Company":"Huquo Consulting Pvt. Ltd","Experience":"2-7 Yrs","Salary":"Not disclosed","Location":"Bangalore\/Bengaluru","Job_Post_History":"7 Days Ago"},{"Title":"Python developer \/C++\/product based client \/C2H","Company":"RANDSTAD INDIA PVT LTD  ","Experience":"3-7 Yrs","Salary":"Not disclosed","Location":"Bangalore\/Bengaluru","Job_Post_History":"7 Days Ago"},{"Title":"Full Stack Developer - Java UI\/Python","Company":"Huquo Consulting Pvt. Ltd","Experience":"2-7 Yrs","Salary":"Not disclosed","Location":"Bangalore\/Bengaluru","Job_Post_History":"7 Days Ago"},{"Title":"Full Stack Developer - Python\/Javascript","Company":"Confidential","Experience":"4-7 Yrs","Salary":"Not disclosed","Location":"Mumbai, Hyderabad\/Secunderabad, Bangalore\/Bengaluru","Job_Post_History":"7 Days Ago"},{"Title":"Python Developer - Flask\/Machine Learning","Company":"CarbyneTech India","Experience":"3-5 Yrs","Salary":"Not disclosed","Location":"Hyderabad\/Secunderabad","Job_Post_History":"1 Day Ago"},{"Title":"Hiring For Python developer For one of the MNC","Company":"Cresttek Engineering Solutions Pvt Ltd","Experience":"2-7 Yrs","Salary":"Not disclosed","Location":"Pune","Job_Post_History":"2 Days Ago"},{"Title":"Python Developer Job @ Applied Materials - Chennai","Company":"Applied Materials","Experience":"3-8 Yrs","Salary":"Not disclosed","Location":"Chennai(Taramani)","Job_Post_History":"2 Days Ago"},{"Title":"Business Intelligence Developer - ETL\/ Python\/ Redshift","Company":"Finxera","Experience":"3-8 Yrs","Salary":"Not disclosed","Location":"Chandigarh, Punjab","Job_Post_History":"2 Days Ago"},{"Title":"Plsql Developer with Python, Immediate joiner","Company":"Infogain","Experience":"7-10 Yrs","Salary":"Not disclosed","Location":"Noida, Pune, Delhi \/ NCR, Bangalore\/Bengaluru, Mumbai (All Areas)","Job_Post_History":"1 Day Ago"}]