[{"Title":"Java Developer - C\/C++\/Python","Company":"John Meridian","Experience":"4-8 Yrs","Salary":"Not disclosed","Location":"Bangalore\/Bengaluru","Job_Post_History":"13 Days Ago"},{"Title":"Python Developer I Feb I Rackspace the #1 multicloud","Company":"TriCore Solutions Private Limited","Experience":"3-8 Yrs","Salary":"13,00,000 - 20,00,000 PA.","Location":"Hyderabad\/Secunderabad, Bangalore\/Bengaluru, Delhi \/ NCR","Job_Post_History":"15 Days Ago"},{"Title":"Backend developer(Python\/Django)","Company":"Trade Brains","Experience":"1-3 Yrs","Salary":"Not disclosed","Location":"Bangalore\/Bengaluru, HSR Layout","Job_Post_History":"3 Days Ago"},{"Title":"Hiring Python Backend Developer!","Company":"AVIABIRD TECHNOLOGY PRIVATE LIMITED ","Experience":"2-7 Yrs","Salary":"10,00,000 - 20,00,000 PA.","Location":"Hyderabad\/Secunderabad, Bangalore\/Bengaluru, Delhi \/ NCR","Job_Post_History":"4 Days Ago"},{"Title":"Backend Developer-Python","Company":"TERRALS TECHNOLOGIES PRIVATE LIMITED ","Experience":"4-9 Yrs","Salary":"Not disclosed","Location":"Bangalore\/Bengaluru","Job_Post_History":"7 Days Ago"},{"Title":"Python (Software Engineer, Senior Software Engineer, Technical Lead)","Company":"Aspire Recruitment Solutions","Experience":"8-12 Yrs","Salary":"Not disclosed","Location":"Pune, Gurgaon\/Gurugram, Bangalore\/Bengaluru","Job_Post_History":"1 Day Ago"},{"Title":"Senior Software Engineer - Python\/JavaScript","Company":"Benchire","Experience":"4-9 Yrs","Salary":"Not disclosed","Location":"Bangalore\/Bengaluru","Job_Post_History":"1 Day Ago"},{"Title":"Sr. Software Engineer\u00a0 (Java\/Python)","Company":"Aarvi Encon Limited  ","Experience":"4-9 Yrs","Salary":"8,00,000 - 18,00,000 PA.","Location":"Bangalore Rural, Bangalore\/Bengaluru","Job_Post_History":"1 Day Ago"},{"Title":"AWS\/Python Developer - Data Pipeline\/Ingestion","Company":"Axcess Consultancy Services","Experience":"3-8 Yrs","Salary":"Not disclosed","Location":"Hyderabad\/Secunderabad, Pune","Job_Post_History":"2 Days Ago"},{"Title":"Senior Backend Engineer ( Python )","Company":"Fulfil.io","Experience":"2-3 Yrs","Salary":"Not disclosed","Location":"Bangalore\/Bengaluru","Job_Post_History":"Few Hours Ago"},{"Title":"Python Automation Test Engineer\/Senior Engineer","Company":"TestingXperts","Experience":"3-8 Yrs","Salary":"Not disclosed","Location":"Noida, Chandigarh, Hyderabad\/Secunderabad, Bangalore\/Bengaluru","Job_Post_History":"Few Hours Ago"},{"Title":"Data Analyst - Python\/SQL","Company":"Affine","Experience":"3-5 Yrs","Salary":"Not disclosed","Location":"Bangalore\/Bengaluru","Job_Post_History":"7 Days Ago"},{"Title":"Senior\/Software Product Developer - Python\/Django - Digital Banking","Company":"Squareroot Consulting Pvt Ltd.","Experience":"3-8 Yrs","Salary":"Not disclosed","Location":"Bangalore\/Bengaluru","Job_Post_History":"1 Day Ago"},{"Title":"Data Quality Analyst - Python","Company":"PayU","Experience":"2-5 Yrs","Salary":"Not disclosed","Location":"Mumbai, Gurgaon\/Gurugram, Bangalore\/Bengaluru","Job_Post_History":"7 Days Ago"},{"Title":"Software Engineer Python","Company":"Greendeck","Experience":"0-2 Yrs","Salary":"4,00,000 - 6,00,000 PA.","Location":"Indore","Job_Post_History":"1 Day Ago"},{"Title":"Training and Placement on java, python, testing Magneq software","Company":"Magneq software","Experience":"0-2 Yrs","Salary":"Not disclosed","Location":"Hyderabad\/Secunderabad(Begumpet)","Job_Post_History":"1 Day Ago"}]