[{"Title":"Senior Software Developer (C , Python)","Company":"Siemens","Experience":"5-8 Yrs","Salary":"Not disclosed","Location":"Bangalore\/Bengaluru","Job_Post_History":"1 Day Ago"},{"Title":"Python\/Django Developer - AWS\/Javascript","Company":"GM WARE","Experience":"0-5 Yrs","Salary":"Not disclosed","Location":"Kolkata, Mumbai, Hyderabad\/Secunderabad, Pune, Ahmedabad, Chennai, Bangalore\/Bengaluru, Delhi \/ NCR","Job_Post_History":"1 Day Ago"},{"Title":"Junior Python Developer","Company":"Technicolor India Private Limited","Experience":"0-3 Yrs","Salary":"Not disclosed","Location":"Bangalore\/Bengaluru","Job_Post_History":"2 Days Ago"},{"Title":"Python Programming Language Application Developer","Company":"Accenture","Experience":"4-6 Yrs","Salary":"Not disclosed","Location":"Bangalore\/Bengaluru","Job_Post_History":"1 Day Ago"},{"Title":"Hiring || Python Lead Developer || NP: Immediate\/ 15 days Joiners Only","Company":"GlobalLogic","Experience":"7-10 Yrs","Salary":"12,00,000 - 18,00,000 PA.","Location":"Hyderabad\/Secunderabad, Pune, Chennai, Bangalore\/Bengaluru, Delhi \/ NCR","Job_Post_History":"1 Day Ago"},{"Title":"Python Software Developer","Company":"o9 Solutions Management India Private Limited","Experience":"3-6 Yrs","Salary":"5,00,000 - 13,00,000 PA.","Location":"Kolkata, Hyderabad\/Secunderabad, Pune, Ahmedabad, Chennai, Bangalore\/Bengaluru, Delhi \/ NCR, Mumbai (All Areas)","Job_Post_History":"1 Day Ago"},{"Title":"Python Software Developer","Company":"JPMorgan Chase","Experience":"7-12 Yrs","Salary":"Not disclosed","Location":"Hyderabad\/Secunderabad, Bangalore\/Bengaluru","Job_Post_History":"2 Days Ago"},{"Title":"Python Developer - Web Scraping","Company":"GM WARE","Experience":"1-4 Yrs","Salary":"Not disclosed","Location":"Kolkata, Mumbai, Hyderabad\/Secunderabad, Pune, Chennai, Ahmedabad, Delhi \/ NCR, Bangalore\/Bengaluru","Job_Post_History":"1 Day Ago"},{"Title":"Full Stack Python Developer","Company":"ONSITE ELECTRO SERVICES PRIVATE LIMITED ","Experience":"2-7 Yrs","Salary":"Not disclosed","Location":"Bangalore\/Bengaluru","Job_Post_History":"1 Day Ago"},{"Title":"Looking For Python Developer -Bangalore","Company":"Ness","Experience":"4-9 Yrs","Salary":"6,50,000 - 16,50,000 PA.","Location":"Bangalore\/Bengaluru","Job_Post_History":"1 Day Ago"},{"Title":"Azure Data Engineer - Python\/SQL Server","Company":"Sonata Software","Experience":"4-9 Yrs","Salary":"Not disclosed","Location":"Hyderabad\/Secunderabad, Bangalore\/Bengaluru","Job_Post_History":"1 Day Ago"},{"Title":"Azure Data Engineer - Python\/SQL Server","Company":"Sonata Software","Experience":"4-9 Yrs","Salary":"Not disclosed","Location":"Hyderabad\/Secunderabad, Bangalore\/Bengaluru","Job_Post_History":"1 Day Ago"},{"Title":"Senior Python Developer","Company":"HCL","Experience":"4-9 Yrs","Salary":"Not disclosed","Location":"Noida, Bangalore\/Bengaluru, Any","Job_Post_History":"7 Days Ago"},{"Title":"Software Developer (java \/python \/C++ \/C#) | Chennai Walk-in","Company":"Soft Suave Technologies Private Limited","Experience":"4-9 Yrs","Salary":"4,00,000 - 4,50,000 PA.","Location":"Chennai","Job_Post_History":"1 Day Ago"}]