[{"Title":"Lead Full Stack Developer - Java\/Python\/Golang","Company":"AppTalent Business Solutions","Experience":"6-10 Yrs","Salary":"Not disclosed","Location":"Bangalore\/Bengaluru, Anywhere in India","Job_Post_History":"7 Days Ago"},{"Title":"Full Stack Developer - SQL\/Python\/ElasticSearch","Company":"CarbyneTech India","Experience":"4-8 Yrs","Salary":"Not disclosed","Location":"Hyderabad\/Secunderabad, Bangalore\/Bengaluru","Job_Post_History":"7 Days Ago"},{"Title":"Full Stack Developer - SQL\/ Python\/ ElasticSearch","Company":"CarbyneTech India","Experience":"4-8 Yrs","Salary":"Not disclosed","Location":"Hyderabad\/Secunderabad, Bangalore\/Bengaluru","Job_Post_History":"7 Days Ago"},{"Title":"Full Stack Developer - Python \/ Django","Company":"Affine","Experience":"3-6 Yrs","Salary":"Not disclosed","Location":"Bangalore\/Bengaluru","Job_Post_History":"7 Days Ago"},{"Title":"Python Full Stack Developer - MongoDB\/Docker\/Kubernetes","Company":"Wrackle Technologies Pvt Ltd","Experience":"3-8 Yrs","Salary":"Not disclosed","Location":"Bangalore\/Bengaluru","Job_Post_History":"7 Days Ago"},{"Title":"Senior Python Developer - NuWare Systems!","Company":"Nuware Systems LLP","Experience":"7-12 Yrs","Salary":"Not disclosed","Location":"Bangalore\/Bengaluru","Job_Post_History":"1 Day Ago"},{"Title":"Python Developer","Company":"KoiReader Technologies","Experience":"0-5 Yrs","Salary":"10,00,000 - 15,00,000 PA.","Location":"Bangalore\/Bengaluru","Job_Post_History":"6 Days Ago"},{"Title":"Senior Python Developer - Django \/ Flask","Company":"BootLabs","Experience":"6-10 Yrs","Salary":"Not disclosed","Location":"Bangalore\/Bengaluru","Job_Post_History":"7 Days Ago"},{"Title":"Senior Backend Developer - Python\/CI\/CD","Company":"Digital Management, LLC","Experience":"4-9 Yrs","Salary":"Not disclosed","Location":"Noida, Pune, Chennai, Bangalore\/Bengaluru","Job_Post_History":"7 Days Ago"},{"Title":"Software Engineer-Python","Company":"Shell","Experience":"5-10 Yrs","Salary":"Not disclosed","Location":"Bangalore\/Bengaluru","Job_Post_History":"2 Days Ago"},{"Title":"Python Programming Language Application Developer","Company":"Accenture","Experience":"2-4 Yrs","Salary":"Not disclosed","Location":"Bangalore\/Bengaluru","Job_Post_History":"7 Days Ago"},{"Title":"Python developer","Company":"IBM","Experience":"3-5 Yrs","Salary":"Not disclosed","Location":"Bangalore\/Bengaluru","Job_Post_History":"5 Days Ago"},{"Title":"Python Developer","Company":"Tech Mahindra","Experience":"4-6 Yrs","Salary":"Not disclosed","Location":"Bangalore\/Bengaluru","Job_Post_History":"6 Days Ago"},{"Title":"Python Data Engineer - REF21798B","Company":"WNS Global Services","Experience":"5-6 Yrs","Salary":"Not disclosed","Location":"Bangalore\/Bengaluru","Job_Post_History":"7 Days Ago"},{"Title":"Software Engineer - Python","Company":"Advanced Computer Software","Experience":"4-6 Yrs","Salary":"Not disclosed","Location":"Bangalore\/Bengaluru","Job_Post_History":"1 Day Ago"}]