[{"Title":"Trainee Python Developer","Company":"Harmony Data Integration Technologies","Experience":"0-1 Yrs","Salary":"Not disclosed","Location":"Mohali","Job_Post_History":"1 Day Ago"},{"Title":"Junior Python Developer","Company":"COGNITIVZEN TECHNOLOGIES PRIVATE LIMITED","Experience":"0-1 Yrs","Salary":"Not disclosed","Location":"Hyderabad\/Secunderabad","Job_Post_History":"1 Day Ago"},{"Title":"Software Developer (java \/python \/C++ \/C#) | Chennai Walk-in","Company":"Soft Suave Technologies Private Limited","Experience":"0-1 Yrs","Salary":"4,00,000 PA.","Location":"Chennai(Porur)","Job_Post_History":"3 Days Ago"},{"Title":"Software Developer - Trainee Walk-in(JAVA \/Python \/C++ \/C#) | Chennai","Company":"Soft Suave Technologies Private Limited","Experience":"0-1 Yrs","Salary":"4,00,000 PA.","Location":"Chennai(Perungudi)","Job_Post_History":"4 Days Ago"},{"Title":"Senior Software Engineer  Backend Architecture - Python","Company":"K & R Enterprises","Experience":"5-8 Yrs","Salary":"Not disclosed","Location":"Bangalore\/Bengaluru","Job_Post_History":"7 Days Ago"},{"Title":"Senior Full Stack Developer - Python\/Django","Company":"Catalyst","Experience":"5-7 Yrs","Salary":"Not disclosed","Location":"Bangalore\/Bengaluru","Job_Post_History":"7 Days Ago"},{"Title":"Senior Full Stack Developer - Python\/Flask\/React.js","Company":"Crabs Associates","Experience":"5-10 Yrs","Salary":"Not disclosed","Location":"Bangalore\/Bengaluru","Job_Post_History":"7 Days Ago"},{"Title":"Senior Python Developer - Kafka\/Kubernetes","Company":"Intandemly","Experience":"8-13 Yrs","Salary":"Not disclosed","Location":"Hyderabad\/Secunderabad","Job_Post_History":"1 Day Ago"},{"Title":"Senior Python Developer - Django\/Flask","Company":"BootLabs","Experience":"6-10 Yrs","Salary":"Not disclosed","Location":"Bangalore\/Bengaluru","Job_Post_History":"7 Days Ago"},{"Title":"Sr Python Developer - Backend","Company":"Ivanti","Experience":"6-11 Yrs","Salary":"Not disclosed","Location":"Bangalore\/Bengaluru","Job_Post_History":"5 Days Ago"},{"Title":"Sr Staff Python Developer - Backend","Company":"Ivanti","Experience":"12-15 Yrs","Salary":"Not disclosed","Location":"Bangalore\/Bengaluru","Job_Post_History":"5 Days Ago"},{"Title":"Senior Python Developer","Company":"Epicor Software India Pvt Ltd","Experience":"3-8 Yrs","Salary":"Not disclosed","Location":"Bangalore\/Bengaluru","Job_Post_History":"6 Days Ago"},{"Title":"Senior Python Developer - Django\/Flask","Company":"Galaxy Weblinks Ltd.","Experience":"3-7 Yrs","Salary":"Not disclosed","Location":"Kolkata, Mumbai, Visakhapatnam, Hyderabad\/Secunderabad, Pune, Chennai, Ahmedabad, Delhi \/ NCR, Bangalore\/Bengaluru","Job_Post_History":"14 Days Ago"},{"Title":"Senior Python Developer","Company":"Morgan Stanley","Experience":"4-7 Yrs","Salary":"Not disclosed","Location":"Bangalore\/Bengaluru","Job_Post_History":"6 Days Ago"},{"Title":"Senior Python Developer - Django\/Flask","Company":"Galaxy Weblinks Ltd.","Experience":"3-7 Yrs","Salary":"Not disclosed","Location":"Kolkata, Mumbai, Hyderabad\/Secunderabad, Pune, Chennai, Ahmedabad, Delhi \/ NCR, Bangalore\/Bengaluru","Job_Post_History":"9 Days Ago"},{"Title":"Senior Software Engineer - Big Data\/ Hadoop\/Python","Company":"Talpro","Experience":"3-6 Yrs","Salary":"Not disclosed","Location":"Bangalore\/Bengaluru","Job_Post_History":"7 Days Ago"},{"Title":"Python Developer - Data Analytics Platform (Senior Developer\/Lead)","Company":"Squareroot Consulting Pvt Ltd.","Experience":"6-11 Yrs","Salary":"Not disclosed","Location":"Bangalore\/Bengaluru","Job_Post_History":"1 Day Ago"}]