[{"Title":"Python Developer - Python\/Kubernetes","Company":"thinkAPPS Solutions Pvt Ltd","Experience":"3-8 Yrs","Salary":"Not disclosed","Location":"Bangalore\/Bengaluru, Delhi \/ NCR","Job_Post_History":"7 Days Ago"},{"Title":"Python Developer - SQL\/VMware\/Linux OS","Company":"AppTalent Business Solutions","Experience":"5-10 Yrs","Salary":"Not disclosed","Location":"Bangalore\/Bengaluru","Job_Post_History":"7 Days Ago"},{"Title":"Python Developer - Django\/REST API","Company":"Getinz Techno Services","Experience":"10-15 Yrs","Salary":"Not disclosed","Location":"Bangalore\/Bengaluru","Job_Post_History":"7 Days Ago"},{"Title":"Full Stack Developer - Python\/AngularJS","Company":"Winfoglobal Technlogies Pvt Ltd","Experience":"3-5 Yrs","Salary":"Not disclosed","Location":"Bangalore\/Bengaluru","Job_Post_History":"7 Days Ago"},{"Title":"Data Engineer - AWS\/SQL\/Python","Company":"Digital Management, LLC","Experience":"5-9 Yrs","Salary":"Not disclosed","Location":"Noida, Pune, Chennai, Bangalore\/Bengaluru","Job_Post_History":"7 Days Ago"},{"Title":"Python Developer - Data Analytics - SQL\/PySpark","Company":"Huquo Consulting Pvt. Ltd","Experience":"3-5 Yrs","Salary":"Not disclosed","Location":"Gurgaon\/Gurugram, Bangalore\/Bengaluru","Job_Post_History":"7 Days Ago"},{"Title":"Python Developer - Data Analytics","Company":"Huquo Consulting Pvt. Ltd","Experience":"1-6 Yrs","Salary":"Not disclosed","Location":"Bangalore\/Bengaluru","Job_Post_History":"7 Days Ago"},{"Title":"Big Data Developer - Python\/Hadoop","Company":"Catalyst","Experience":"3-8 Yrs","Salary":"Not disclosed","Location":"Bangalore\/Bengaluru","Job_Post_History":"7 Days Ago"},{"Title":"Big Data Developer - Hadoop\/Python","Company":"cliqhr.com","Experience":"5-10 Yrs","Salary":"Not disclosed","Location":"Mumbai, Hyderabad\/Secunderabad, Pune, Chennai, Bangalore\/Bengaluru","Job_Post_History":"7 Days Ago"},{"Title":"Senior Software Engineer- C++ ,Python, Network\/Security","Company":"Ivanti","Experience":"6-11 Yrs","Salary":"Not disclosed","Location":"Bangalore\/Bengaluru","Job_Post_History":"2 Days Ago"},{"Title":"Senior DevOps Engineer - Python\/Terraform","Company":"Careator Technologies Private Limited","Experience":"7-12 Yrs","Salary":"Not disclosed","Location":"Kolkata, Mumbai, Hyderabad\/Secunderabad, Pune, Chennai, Ahmedabad, Delhi \/ NCR, Bangalore\/Bengaluru","Job_Post_History":"1 Day Ago"},{"Title":"Sr.Python developer","Company":"SRS Business Solutions (India) Pvt. Ltd. ","Experience":"8-13 Yrs","Salary":"8,00,000 - 18,00,000 PA.","Location":"Hyderabad\/Secunderabad, Bangalore\/Bengaluru","Job_Post_History":"2 Days Ago"},{"Title":"Senior Software Developer - Python\/C\/C++","Company":"Geek Technologies","Experience":"3-8 Yrs","Salary":"Not disclosed","Location":"Bangalore\/Bengaluru","Job_Post_History":"4 Days Ago"},{"Title":"Sr.Python developer","Company":"SRS Business Solutions (India) Pvt. Ltd. ","Experience":"8-13 Yrs","Salary":"8,00,000 - 18,00,000 PA.","Location":"Hyderabad\/Secunderabad, Bangalore\/Bengaluru","Job_Post_History":"2 Days Ago"},{"Title":"Senior Software Developer - Python","Company":"Siemens","Experience":"4-6 Yrs","Salary":"Not disclosed","Location":"Pune","Job_Post_History":"2 Days Ago"},{"Title":"Software Development Engineer II - Python\/ Java\/ Ruby Programming","Company":"Wrackle Technologies Pvt Ltd","Experience":"4-8 Yrs","Salary":"Not disclosed","Location":"Bangalore\/Bengaluru","Job_Post_History":"7 Days Ago"},{"Title":"Senior Data Engineer - ETL\/SQL\/Python","Company":"Hashtag Global Solutions","Experience":"6-11 Yrs","Salary":"Not disclosed","Location":"Chennai, Bangalore\/Bengaluru","Job_Post_History":"2 Days Ago"}]