[{"Title":"DevOps Engineer - Python\/ Bash Scripting","Company":"Patch Infotech Private Limited","Experience":"3-8 Yrs","Salary":"Not disclosed","Location":"Kolkata, Mumbai, Hyderabad\/Secunderabad, Pune, Chennai, Ahmedabad, Delhi \/ NCR, Bangalore\/Bengaluru","Job_Post_History":"1 Day Ago"},{"Title":"Python Developer - Microservices Architecture\/MongoDB","Company":"Muoro","Experience":"3-6 Yrs","Salary":"Not disclosed","Location":"Kolkata, Mumbai, Hyderabad\/Secunderabad, Pune, Gurgaon\/Gurugram, Bangalore\/Bengaluru, Delhi \/ NCR","Job_Post_History":"1 Day Ago"},{"Title":"Python Developer - Django\/Flask","Company":"Geek Technologies","Experience":"2-3 Yrs","Salary":"Not disclosed","Location":"Bangalore\/Bengaluru","Job_Post_History":"2 Days Ago"},{"Title":"Python Developers - 5 yrs Exp - Fortune100 client Project","Company":"HUAIRS ","Experience":"5-6 Yrs","Salary":"18,00,000 - 22,50,000 PA.","Location":"Chennai, Coimbatore, Bangalore\/Bengaluru","Job_Post_History":"1 Day Ago"},{"Title":"Python Developer - Machine Learning","Company":"Axcess Consultancy Services","Experience":"5-7 Yrs","Salary":"Not disclosed","Location":"Kolkata, Hyderabad\/Secunderabad, Chennai, Delhi \/ NCR, Bangalore\/Bengaluru, Karnataka","Job_Post_History":"1 Day Ago"},{"Title":"Python DS Developer - Bangalore","Company":"2Coms","Experience":"1-6 Yrs","Salary":"5,00,000 - 15,00,000 PA.","Location":"Bangalore\/Bengaluru, Bangalore","Job_Post_History":"1 Day Ago"},{"Title":"Python Developer","Company":"Confidential","Experience":"4-9 Yrs","Salary":"Not disclosed","Location":"Bangalore\/Bengaluru","Job_Post_History":"2 Days Ago"},{"Title":"Python Developer","Company":"CHANGE LEADERS CONSULTING","Experience":"3-8 Yrs","Salary":"Not disclosed","Location":"Mumbai, Hyderabad\/Secunderabad, Pune, Chennai, Bangalore\/Bengaluru","Job_Post_History":"1 Day Ago"},{"Title":"Python developer","Company":"ALOIS TECHNOLOGIES LLP      ","Experience":"7-9 Yrs","Salary":"7,00,000 - 12,00,000 PA.","Location":"Chennai, Bangalore\/Bengaluru","Job_Post_History":"1 Day Ago"},{"Title":"Python Developer","Company":"ERM Placement Services (P) Ltd. ","Experience":"3-7 Yrs","Salary":"Not disclosed","Location":"Kolkata, Pune, Ahmedabad, Bangalore\/Bengaluru","Job_Post_History":"1 Day Ago"},{"Title":"Python\/Pyspark Developer","Company":"TRH Consultancy Services","Experience":"5-10 Yrs","Salary":"Not disclosed","Location":"Kolkata, Mumbai, Nagpur, Hyderabad\/Secunderabad, Pune, Chennai, Coimbatore, Bangalore\/Bengaluru, Delhi \/ NCR","Job_Post_History":"1 Day Ago"},{"Title":"Spotfire Developer - R\/Python","Company":"Hucon","Experience":"4-7 Yrs","Salary":"Not disclosed","Location":"Mumbai, Delhi \/ NCR, Bangalore\/Bengaluru","Job_Post_History":"2 Days Ago"},{"Title":"Django Developer - Python\/Webservices","Company":"Altimax Business Solutions","Experience":"2-4 Yrs","Salary":"Not disclosed","Location":"Hyderabad\/Secunderabad, Chennai, Bangalore\/Bengaluru","Job_Post_History":"2 Days Ago"},{"Title":"Python Developer","Company":"Squareroot Consulting Pvt Ltd.","Experience":"2-7 Yrs","Salary":"Not disclosed","Location":"Bangalore\/Bengaluru","Job_Post_History":"1 Day Ago"},{"Title":"Network Software Developer - DevSecOps\/Python","Company":"Future India Services","Experience":"7-10 Yrs","Salary":"Not disclosed","Location":"Noida, Hyderabad\/Secunderabad, Pune, Bangalore\/Bengaluru","Job_Post_History":"7 Days Ago"},{"Title":"Software Developer - Golang\/Python","Company":"Future India Services","Experience":"4-7 Yrs","Salary":"Not disclosed","Location":"Bangalore\/Bengaluru, Anywhere in India","Job_Post_History":"6 Days Ago"},{"Title":"Tableau Developer - Python\/SQL","Company":"Huquo Consulting Pvt. Ltd","Experience":"4-9 Yrs","Salary":"Not disclosed","Location":"Bangalore\/Bengaluru","Job_Post_History":"1 Day Ago"},{"Title":"Python Software Developer","Company":"Orcapod Consulting Services Private Limited  ","Experience":"4-9 Yrs","Salary":"10,00,000 - 15,00,000 PA.","Location":"Hyderabad\/Secunderabad, Chennai, Bangalore\/Bengaluru","Job_Post_History":"5 Days Ago"},{"Title":"Python Software Developer","Company":"Orcapod Consulting Services Private Limited  ","Experience":"4-9 Yrs","Salary":"10,00,000 - 15,00,000 PA.","Location":"Hyderabad\/Secunderabad, Chennai, Bangalore\/Bengaluru","Job_Post_History":"5 Days Ago"}]