[{"Title":"Opportunity For Python developer  with Stone x  For permanent position","Company":"RANDSTAD INDIA PVT LTD  ","Experience":"2-7 Yrs","Salary":"Not disclosed","Location":"Bangalore\/Bengaluru","Job_Post_History":"2 Days Ago"},{"Title":"Android Internal Developer - Java\/Python","Company":"Geek Technologies","Experience":"3-8 Yrs","Salary":"Not disclosed","Location":"Bangalore\/Bengaluru","Job_Post_History":"Few Hours Ago"},{"Title":"Python Software Developer","Company":"RANDSTAD INDIA PVT LTD  ","Experience":"2-4 Yrs","Salary":"5,00,000 - 10,00,000 PA.","Location":"Bangalore\/Bengaluru","Job_Post_History":"7 Days Ago"},{"Title":"Software Engineer Python Developer","Company":"AGATI CLINICAL INFORMATICS LLP","Experience":"3-8 Yrs","Salary":"Not disclosed","Location":"Chennai, Bangalore\/Bengaluru","Job_Post_History":"7 Days Ago"},{"Title":"Python Developer with networking -SSE\/LEAD","Company":"Prodapt Solutions Private Limited","Experience":"2-7 Yrs","Salary":"Not disclosed","Location":"Chennai, Bangalore\/Bengaluru","Job_Post_History":"1 Day Ago"},{"Title":"Looking For Python Developer","Company":"Ness","Experience":"3-7 Yrs","Salary":"Not disclosed","Location":"Bangalore\/Bengaluru","Job_Post_History":"1 Day Ago"},{"Title":"Opening For Java\/ Python developer For Bangalore\/Chennai","Company":"Nokia Solutions and Networks India (P)Ltd ","Experience":"2-7 Yrs","Salary":"7,00,000 - 17,00,000 PA.","Location":"Chennai, Bangalore\/Bengaluru","Job_Post_History":"1 Day Ago"},{"Title":"Immediate opening For Python Developer\n","Company":"Teamlease Servcies limited","Experience":"3-8 Yrs","Salary":"15,00,000 - 20,00,000 PA.","Location":"Hyderabad\/Secunderabad, Bangalore\/Bengaluru","Job_Post_History":"2 Days Ago"},{"Title":"Software Developer - Python Developer","Company":"Quantiphi Analytics Solutions Pvt. Ltd.","Experience":"2-5 Yrs","Salary":"Not disclosed","Location":"Mumbai, Bangalore\/Bengaluru, Trivandrum\/Thiruvananthapuram","Job_Post_History":"6 Days Ago"},{"Title":"Python Developer","Company":"Snaphunt","Experience":"1-6 Yrs","Salary":"Not disclosed","Location":"Bangalore\/Bengaluru","Job_Post_History":"Few Hours Ago"},{"Title":"Python Api Developer","Company":"Netenrich Technologies","Experience":"7-12 Yrs","Salary":"Not disclosed","Location":"Hyderabad\/Secunderabad, Bangalore\/Bengaluru","Job_Post_History":"2 Days Ago"},{"Title":"Developer (Python\/React)","Company":"MORE RETAIL PRIVATE LIMITED","Experience":"2-7 Yrs","Salary":"Not disclosed","Location":"Bangalore\/Bengaluru","Job_Post_History":"2 Days Ago"},{"Title":"Software Developer - NLP\/Python\/Machine Learning","Company":"Cunesoft India Private Limited (a Phlexglobal Company)","Experience":"3-8 Yrs","Salary":"Not disclosed","Location":"Bangalore\/Bengaluru","Job_Post_History":"12 Days Ago"},{"Title":"Software Developer in Test (SDET)(Python\/Back-End Testing)(Telco)","Company":"Ovyo Technologies","Experience":"3-8 Yrs","Salary":"Not disclosed","Location":"Bangalore\/Bengaluru","Job_Post_History":"5 Days Ago"},{"Title":"Data Engineer(Python\/Spark\/AWS\/SQL\/Data Warehousing)","Company":"Actoserba Active Wholesale Private Limited","Experience":"2-5 Yrs","Salary":"Not disclosed","Location":"Bangalore\/Bengaluru","Job_Post_History":"Just Now"},{"Title":"Data Engineer - Python \/ Pyspark | Lululemon","Company":"TALENT500 TECH (INDIA) PRIVATE LIMITED","Experience":"5-7 Yrs","Salary":"Not disclosed","Location":"Bangalore\/Bengaluru","Job_Post_History":"2 Days Ago"},{"Title":"Urgent Hiring For Sr ETL Developer (Python)","Company":"Coforge","Experience":"3-8 Yrs","Salary":"15,00,000 - 25,00,000 PA.","Location":"Noida, Mumbai, Hyderabad\/Secunderabad, Bangalore\/Bengaluru, Greater Noida","Job_Post_History":"13 Days Ago"}]