[{"Title":"Business Intelligence Developer - ETL\/Python\/Redshift","Company":"Finxera","Experience":"3-8 Yrs","Salary":"Not disclosed","Location":"Chandigarh","Job_Post_History":"2 Days Ago"},{"Title":"Business Intelligence Developer - ETL\/Python\/Redshift","Company":"Finxera","Experience":"3-8 Yrs","Salary":"Not disclosed","Location":"Chandigarh, Punjab","Job_Post_History":"2 Days Ago"},{"Title":"Python Developer - Server Side","Company":"Span Idea Systems Pvt Ltd","Experience":"3-8 Yrs","Salary":"Not disclosed","Location":"Bangalore\/Bengaluru","Job_Post_History":"4 Days Ago"},{"Title":"Python Developer","Company":"UST","Experience":"3-5 Yrs","Salary":"Not disclosed","Location":"Bangalore\/Bengaluru","Job_Post_History":"5 Days Ago"},{"Title":"Java \/ Python Developer","Company":"Morgan Stanley","Experience":"4-10 Yrs","Salary":"Not disclosed","Location":"Bangalore\/Bengaluru","Job_Post_History":"6 Days Ago"},{"Title":"Immediate looking For Python developer","Company":"Presidency Group of Institutions","Experience":"1-5 Yrs","Salary":"Not disclosed","Location":"Bangalore\/Bengaluru(Rajankunte), Bangalore\/Bengaluru","Job_Post_History":"7 Days Ago"},{"Title":"Python Developer","Company":"Podium Systems","Experience":"5-7 Yrs","Salary":"Not disclosed","Location":"Bangalore\/Bengaluru","Job_Post_History":"15 Days Ago"},{"Title":"Immediate openings For C and Python Developer","Company":"Capgemini Engineering","Experience":"1-2 Yrs","Salary":"Not disclosed","Location":"Bangalore\/Bengaluru","Job_Post_History":"5 Days Ago"},{"Title":"Python Developer-Django","Company":"Codingmart Technologies","Experience":"2-4 Yrs","Salary":"Not disclosed","Location":"Coimbatore, Bangalore\/Bengaluru","Job_Post_History":"5 Days Ago"},{"Title":"Python Developer","Company":"Morgan Stanley","Experience":"4-8 Yrs","Salary":"Not disclosed","Location":"Bangalore\/Bengaluru","Job_Post_History":"6 Days Ago"},{"Title":"Python Developer","Company":"Caledon Technologies India Private Limited","Experience":"3-5 Yrs","Salary":"8,00,000 - 10,00,000 PA.","Location":"Bangalore\/Bengaluru","Job_Post_History":"6 Days Ago"},{"Title":"Urgent opening For C, C++,Python  Software Developers","Company":"3i Infotech","Experience":"2-5 Yrs","Salary":"Not disclosed","Location":"Chennai","Job_Post_History":"6 Days Ago"},{"Title":"Opportunity For Python Developer - Bangalore(Product Based Company)","Company":"OT Privacy Software Private Limited","Experience":"10-16 Yrs","Salary":"Not disclosed","Location":"Bangalore\/Bengaluru","Job_Post_History":"6 Days Ago"},{"Title":"Urgent Hiring Of Python Developer","Company":"Resources Global Professionals","Experience":"5-8 Yrs","Salary":"Not disclosed","Location":"Bangalore\/Bengaluru","Job_Post_History":"6 Days Ago"},{"Title":"Python Django Developer","Company":"ThinkZy Tech ","Experience":"2-6 Yrs","Salary":"Not disclosed","Location":"Pune, Jaipur, Bangalore\/Bengaluru, Delhi \/ NCR","Job_Post_History":"7 Days Ago"},{"Title":"Python Django developer","Company":"Kaarlo Training & HR Solutions Pvt. Ltd.","Experience":"7-12 Yrs","Salary":"Not disclosed","Location":"Bangalore\/Bengaluru","Job_Post_History":"7 Days Ago"},{"Title":"Python Developer\n","Company":"Snaphunt","Experience":"4-8 Yrs","Salary":"4,75,000 - 9,50,000 PA.","Location":"Bangalore\/Bengaluru, Remote","Job_Post_History":"7 Days Ago"}]