[{"Title":"Senior Developer - Python Full Stack Programming","Company":"Praaxis Consultants","Experience":"7-12 Yrs","Salary":"Not disclosed","Location":"Gurgaon\/Gurugram, Gurgaon\/Gurugram","Job_Post_History":"1 Day Ago"},{"Title":"Python Programming Language Application Developer","Company":"Accenture","Experience":"6-8 Yrs","Salary":"Not disclosed","Location":"Chennai","Job_Post_History":"1 Day Ago"},{"Title":"Python Programming Language Application Developer","Company":"Accenture","Experience":"6-8 Yrs","Salary":"Not disclosed","Location":"Hyderabad\/Secunderabad","Job_Post_History":"1 Day Ago"},{"Title":"Python Programming Language Application Developer","Company":"Accenture","Experience":"6-8 Yrs","Salary":"Not disclosed","Location":"Pune","Job_Post_History":"2 Days Ago"},{"Title":"Python Programming Language Application Developer","Company":"Accenture","Experience":"4-6 Yrs","Salary":"Not disclosed","Location":"Bangalore\/Bengaluru","Job_Post_History":"8 Days Ago"},{"Title":"Python Programming Language Application Developer","Company":"Accenture","Experience":"4-6 Yrs","Salary":"Not disclosed","Location":"Bangalore\/Bengaluru","Job_Post_History":"14 Days Ago"},{"Title":"Python Programming Language Application Developer","Company":"Accenture","Experience":"6-8 Yrs","Salary":"Not disclosed","Location":"Bangalore\/Bengaluru","Job_Post_History":"8 Days Ago"},{"Title":"Python Programming Language Application Developer","Company":"Accenture","Experience":"6-8 Yrs","Salary":"Not disclosed","Location":"Bangalore\/Bengaluru","Job_Post_History":"8 Days Ago"},{"Title":"Python Programming Language Application Developer","Company":"Accenture","Experience":"2-4 Yrs","Salary":"Not disclosed","Location":"Bangalore\/Bengaluru","Job_Post_History":"14 Days Ago"},{"Title":"Python Programming Language Application Developer","Company":"Accenture","Experience":"8-10 Yrs","Salary":"Not disclosed","Location":"Bangalore\/Bengaluru","Job_Post_History":"14 Days Ago"},{"Title":"Python Developer - Tech Mahindra (Immediate)","Company":"Tech Mahindra","Experience":"3-8 Yrs","Salary":"Not disclosed","Location":"Pan India","Job_Post_History":"1 Day Ago"},{"Title":"Python Developer","Company":"Tech Mahindra","Experience":"5-10 Yrs","Salary":"Not disclosed","Location":"Pan India","Job_Post_History":"2 Days Ago"},{"Title":"GCP Developer (with Python)","Company":"Genpact","Experience":"5-9 Yrs","Salary":"Not disclosed","Location":"Hyderabad\/Secunderabad, Bangalore\/Bengaluru","Job_Post_History":"8 Days Ago"},{"Title":"Python Developer : Bangalore","Company":"Oracle","Experience":"4-9 Yrs","Salary":"Not disclosed","Location":"Bangalore\/Bengaluru","Job_Post_History":"11 Days Ago"},{"Title":"Python Fullstack Developer","Company":"Oracle","Experience":"5-9 Yrs","Salary":"Not disclosed","Location":"Bangalore\/Bengaluru","Job_Post_History":"15 Days Ago"},{"Title":"HCL Hiring For Python Developers - Bangalore \/ Chennai","Company":"HCL","Experience":"5-10 Yrs","Salary":"11,00,000 - 21,00,000 PA.","Location":"Chennai, Bangalore\/Bengaluru","Job_Post_History":"15 Days Ago"},{"Title":"Senior Developer - Python Full Stack For Mumbai (Present Work Frm Home","Company":"Adecco India Private Limited  ","Experience":"4-9 Yrs","Salary":"Not disclosed","Location":"Mumbai, Navi Mumbai, Mumbai (All Areas)","Job_Post_History":"1 Day Ago"},{"Title":"Software Engineer-2- Python\/ETL\/SQL\/Linux","Company":"Blue Ocean Catalyst Private Limited","Experience":"2-4 Yrs","Salary":"Not disclosed","Location":"Bangalore\/Bengaluru","Job_Post_History":"1 Day Ago"}]